{
  "_fv": 6,
  "_type": "recipe",
  "definition": {
    "recipeType": "Crafting",
    "xpReward": 0.0,
    "recipeRetstackSize": 1,
    "group": "",
    "recipeShapeless": false,
    "recipeSlots": [
      {
        "value": "CUSTOM:PlateSteel"
      },
      {
        "value": "CUSTOM:PlateAluminium"
      },
      {
        "value": "CUSTOM:PlateAluminium"
      },
      {
        "value": "CUSTOM:BoltSteel"
      },
      {
        "value": "CUSTOM:Capacitor10MegaFarad"
      },
      {
        "value": "CUSTOM:PlateAluminium"
      },
      {
        "value": "CUSTOM:PlateSteel"
      },
      {
        "value": "CUSTOM:GoldCoil"
      },
      {
        "value": "CUSTOM:GoldCoil"
      }
    ],
    "recipeReturnStack": {
      "value": "CUSTOM:MotorAdvanced"
    },
    "name": "advancedmotor",
    "namespace": "mod"
  }
}