{
  "_fv": 6,
  "_type": "item",
  "definition": {
    "renderType": 0,
    "texture": "advanced_electrolyzer",
    "customModelName": "Normal",
    "name": "Advanced Electrolyzer",
    "creativeTab": {
      "value": "CUSTOM:TechMod"
    },
    "stackSize": 1,
    "enchantability": 0,
    "useDuration": 0,
    "toolType": 1.0,
    "damageCount": 0,
    "destroyAnyBlock": false,
    "stayInGridWhenCrafting": true,
    "enableMeleeDamage": false,
    "damageVsEntity": 0.0,
    "specialInfo": [
      "An advanced (aka, again, MV) electrolyzer."
    ],
    "hasGlow": false
  }
}