{
  "_fv": 6,
  "_type": "recipe",
  "definition": {
    "recipeType": "Crafting",
    "xpReward": 0.0,
    "recipeRetstackSize": 1,
    "group": "",
    "recipeShapeless": false,
    "recipeSlots": [
      {
        "value": "CUSTOM:TungstenGrindingHead"
      },
      {
        "value": "CUSTOM:ElectrumCoil"
      },
      {
        "value": "CUSTOM:TungstenGrindingHead"
      },
      {
        "value": "CUSTOM:CircuitBoardAdvanced"
      },
      {
        "value": "CUSTOM:AluminiumMachineCasing"
      },
      {
        "value": "CUSTOM:HydrogenGenerator"
      },
      {
        "value": "CUSTOM:ConveyorBelt"
      },
      {
        "value": "CUSTOM:CircuitBoardAdvanced"
      },
      {
        "value": "CUSTOM:PipeTungsten"
      }
    ],
    "recipeReturnStack": {
      "value": "CUSTOM:OreProcessorAdvanced"
    },
    "name": "advancedoreprocessor",
    "namespace": "mod"
  }
}