{
  "_fv": 6,
  "_type": "recipe",
  "definition": {
    "recipeType": "Crafting",
    "xpReward": 0.0,
    "recipeRetstackSize": 24,
    "group": "",
    "recipeShapeless": true,
    "recipeSlots": [
      {
        "value": "CUSTOM:OreProcessorAdvanced"
      },
      {
        "value": "CUSTOM:NitricAcidCell"
      },
      {
        "value": "CUSTOM:HydrogenCell"
      },
      {
        "value": "Items.WATER_BUCKET"
      },
      {
        "value": "CUSTOM:BoraxOre"
      },
      {
        "value": ""
      },
      {
        "value": ""
      },
      {
        "value": ""
      },
      {
        "value": ""
      }
    ],
    "recipeReturnStack": {
      "value": "CUSTOM:BoraxDust"
    },
    "name": "aopborax",
    "namespace": "mod"
  }
}