{
  "_fv": 6,
  "_type": "recipe",
  "definition": {
    "recipeType": "Crafting",
    "xpReward": 0.0,
    "recipeRetstackSize": 6,
    "group": "",
    "recipeShapeless": true,
    "recipeSlots": [
      {
        "value": "CUSTOM:OreProcessorAdvanced"
      },
      {
        "value": "CUSTOM:NitricAcidCell"
      },
      {
        "value": "CUSTOM:NitricAcidCell"
      },
      {
        "value": "CUSTOM:NitricAcidCell"
      },
      {
        "value": "Items.WATER_BUCKET"
      },
      {
        "value": "Blocks.STONE#1"
      },
      {
        "value": "Blocks.STONE#1"
      },
      {
        "value": "Blocks.STONE#1"
      },
      {
        "value": "Blocks.STONE#1"
      }
    ],
    "recipeReturnStack": {
      "value": "CUSTOM:DustFergusonite"
    },
    "name": "aopfergusonite",
    "namespace": "mod"
  }
}