{
  "_fv": 6,
  "_type": "item",
  "definition": {
    "renderType": 0,
    "texture": "bar_pvc",
    "customModelName": "Normal",
    "name": "Polyvinyl Chloride (PVC) Bar",
    "creativeTab": {
      "value": "CUSTOM:TechMod"
    },
    "stackSize": 64,
    "enchantability": 0,
    "useDuration": 0,
    "toolType": 1.0,
    "damageCount": 0,
    "destroyAnyBlock": false,
    "stayInGridWhenCrafting": false,
    "enableMeleeDamage": false,
    "damageVsEntity": 0.0,
    "specialInfo": [
      "PVC, a plastic common for making pipes."
    ],
    "hasGlow": false,
    "onCrafted": {
      "name": "PEReturn3Cells"
    }
  }
}