{
  "_fv": 6,
  "_type": "item",
  "definition": {
    "renderType": 0,
    "texture": "component_insulator_basic_polyethylene",
    "customModelName": "Normal",
    "name": "Basic Insulator",
    "creativeTab": {
      "value": "CUSTOM:TechMod"
    },
    "stackSize": 64,
    "enchantability": 0,
    "useDuration": 0,
    "toolType": 1.0,
    "damageCount": 0,
    "destroyAnyBlock": false,
    "stayInGridWhenCrafting": false,
    "enableMeleeDamage": false,
    "damageVsEntity": 0.0,
    "specialInfo": [
      "A basic insulator out of Polyethylene. Used in production of basic microchips."
    ],
    "hasGlow": false
  }
}