{
  "_fv": 6,
  "_type": "item",
  "definition": {
    "renderType": 0,
    "texture": "basic_chemreactor",
    "customModelName": "Normal",
    "name": "Basic Chemical Reactor",
    "creativeTab": {
      "value": "CUSTOM:TechMod"
    },
    "stackSize": 1,
    "enchantability": 0,
    "useDuration": 0,
    "toolType": 1.0,
    "damageCount": 0,
    "destroyAnyBlock": false,
    "stayInGridWhenCrafting": true,
    "enableMeleeDamage": false,
    "damageVsEntity": 0.0,
    "specialInfo": [
      "A basic chemical reactor. Use it for well... chemical reactions (eg. Polyethylene, PVC and PTFE production)"
    ],
    "hasGlow": false
  }
}