{
  "_fv": 6,
  "_type": "recipe",
  "definition": {
    "recipeType": "Crafting",
    "xpReward": 0.0,
    "recipeRetstackSize": 2,
    "group": "",
    "recipeShapeless": false,
    "recipeSlots": [
      {
        "value": ""
      },
      {
        "value": "Blocks.GLASS_PANE"
      },
      {
        "value": ""
      },
      {
        "value": "Blocks.GLASS_PANE"
      },
      {
        "value": "CUSTOM:CopperCoil"
      },
      {
        "value": "Blocks.GLASS_PANE"
      },
      {
        "value": "CUSTOM:CopperCoil"
      },
      {
        "value": "Blocks.GLASS_PANE"
      },
      {
        "value": "CUSTOM:CopperCoil"
      }
    ],
    "recipeReturnStack": {
      "value": "CUSTOM:VacuumTube"
    },
    "name": "basiccomponentvacuumtube",
    "namespace": "mod"
  }
}