{
  "_fv": 6,
  "_type": "recipe",
  "definition": {
    "recipeType": "Crafting",
    "xpReward": 0.0,
    "recipeRetstackSize": 1,
    "group": "",
    "recipeShapeless": false,
    "recipeSlots": [
      {
        "value": "CUSTOM:PlateCopper"
      },
      {
        "value": "Items.FLINT_AND_STEEL"
      },
      {
        "value": "CUSTOM:PlateCopper"
      },
      {
        "value": "Blocks.BRICK_BLOCK"
      },
      {
        "value": "Blocks.BRICK_BLOCK"
      },
      {
        "value": "Blocks.BRICK_BLOCK"
      },
      {
        "value": "Blocks.BRICK_BLOCK"
      },
      {
        "value": "Blocks.IRON_BARS"
      },
      {
        "value": "Blocks.BRICK_BLOCK"
      }
    ],
    "recipeReturnStack": {
      "value": "CUSTOM:BlastFurnace"
    },
    "name": "blastfurnacefirebrick",
    "namespace": "mod"
  }
}