{
  "_fv": 6,
  "_type": "item",
  "definition": {
    "renderType": 0,
    "texture": "blast_furnace_electric",
    "customModelName": "Normal",
    "name": "Blast Furnace (Electric)",
    "creativeTab": {
      "value": "CUSTOM:TechMod"
    },
    "stackSize": 1,
    "enchantability": 0,
    "useDuration": 0,
    "toolType": 1.0,
    "damageCount": 0,
    "destroyAnyBlock": false,
    "stayInGridWhenCrafting": true,
    "enableMeleeDamage": false,
    "damageVsEntity": 0.0,
    "specialInfo": [
      "An electric blast furnace. It uses tons of energy to smelt some items that you cant in a regular blast furnace."
    ],
    "hasGlow": false
  }
}