{
  "_fv": 6,
  "_type": "item",
  "definition": {
    "renderType": 0,
    "texture": "casing_bronze",
    "customModelName": "Normal",
    "name": "Bronze Machine Casing",
    "creativeTab": {
      "value": "CUSTOM:TechMod"
    },
    "stackSize": 64,
    "enchantability": 0,
    "useDuration": 0,
    "toolType": 1.0,
    "damageCount": 0,
    "destroyAnyBlock": false,
    "stayInGridWhenCrafting": false,
    "enableMeleeDamage": false,
    "damageVsEntity": 0.0,
    "specialInfo": [
      "Bronze machine casing, needed for every basic machine that other than the Coke Oven and the Blast Furnace."
    ],
    "hasGlow": false
  }
}