{
  "_fv": 6,
  "_type": "item",
  "definition": {
    "renderType": 0,
    "texture": "component_capacitor_10mf",
    "customModelName": "Normal",
    "name": "Capacitor (10 Megafarad)",
    "creativeTab": {
      "value": "CUSTOM:TechMod"
    },
    "stackSize": 64,
    "enchantability": 0,
    "useDuration": 0,
    "toolType": 1.0,
    "damageCount": 0,
    "destroyAnyBlock": false,
    "stayInGridWhenCrafting": false,
    "enableMeleeDamage": false,
    "damageVsEntity": 0.0,
    "specialInfo": [
      "A mica capacitor with a total capacity of 10 megafarad. Impressive, isnt it?"
    ],
    "hasGlow": false
  }
}