{
  "_fv": 6,
  "_type": "recipe",
  "definition": {
    "recipeType": "Crafting",
    "xpReward": 0.0,
    "recipeRetstackSize": 4,
    "group": "",
    "recipeShapeless": false,
    "recipeSlots": [
      {
        "value": "CUSTOM:ToolHammer"
      },
      {
        "value": "CUSTOM:PlateSteel"
      },
      {
        "value": "CUSTOM:BoltSteel"
      },
      {
        "value": "CUSTOM:PlateSteel"
      },
      {
        "value": "Blocks.GLASS_PANE"
      },
      {
        "value": "CUSTOM:PlateSteel"
      },
      {
        "value": "CUSTOM:BoltSteel"
      },
      {
        "value": "CUSTOM:PlateSteel"
      },
      {
        "value": "CUSTOM:WireCutter"
      }
    ],
    "recipeReturnStack": {
      "value": "CUSTOM:EmptyCell"
    },
    "name": "cellempty",
    "namespace": "mod"
  }
}