{
  "_fv": 6,
  "_type": "recipe",
  "definition": {
    "recipeType": "Crafting",
    "xpReward": 0.0,
    "recipeRetstackSize": 1,
    "group": "",
    "recipeShapeless": true,
    "recipeSlots": [
      {
        "value": "CUSTOM:SaltDust"
      },
      {
        "value": "CUSTOM:Distillery"
      },
      {
        "value": ""
      },
      {
        "value": "CUSTOM:SaltDust"
      },
      {
        "value": "CUSTOM:EmptyCell"
      },
      {
        "value": ""
      },
      {
        "value": ""
      },
      {
        "value": ""
      },
      {
        "value": ""
      }
    ],
    "recipeReturnStack": {
      "value": "CUSTOM:ChlorineCell"
    },
    "name": "chlorinefromsalt",
    "namespace": "mod"
  }
}