{
  "_fv": 6,
  "_type": "item",
  "definition": {
    "renderType": 0,
    "texture": "coal_coke",
    "customModelName": "Normal",
    "name": "Coal Coke",
    "creativeTab": {
      "value": "CUSTOM:TechMod"
    },
    "stackSize": 64,
    "enchantability": 0,
    "useDuration": 0,
    "toolType": 1.0,
    "damageCount": 0,
    "destroyAnyBlock": false,
    "stayInGridWhenCrafting": false,
    "enableMeleeDamage": false,
    "damageVsEntity": 0.0,
    "specialInfo": [
      "A special pyrolyzed version of coal, that is useful in production of steel because of its powerful heat and long burning time. Smelts 16 items instead of 8 that Coal and Charcoal smelt."
    ],
    "hasGlow": false
  }
}