{
  "_fv": 6,
  "_type": "recipe",
  "definition": {
    "recipeType": "Crafting",
    "xpReward": 0.0,
    "recipeRetstackSize": 1,
    "group": "",
    "recipeShapeless": false,
    "recipeSlots": [
      {
        "value": "CUSTOM:WroughtIronPlate"
      },
      {
        "value": "CUSTOM:PlateSteel"
      },
      {
        "value": "CUSTOM:PlateSteel"
      },
      {
        "value": "CUSTOM:BoltWroughtIron"
      },
      {
        "value": "CUSTOM:Capacitor1000MicroFarat"
      },
      {
        "value": "CUSTOM:PlateSteel"
      },
      {
        "value": "CUSTOM:WroughtIronPlate"
      },
      {
        "value": "CUSTOM:CopperCoil"
      },
      {
        "value": "CUSTOM:CopperCoil"
      }
    ],
    "recipeReturnStack": {
      "value": "CUSTOM:MotorBasic"
    },
    "name": "componentmotorbasic",
    "namespace": "mod"
  }
}