{
  "_fv": 6,
  "_type": "item",
  "definition": {
    "renderType": 0,
    "texture": "component_conveyor",
    "customModelName": "Normal",
    "name": "Conveyor Belt",
    "creativeTab": {
      "value": "CUSTOM:TechMod"
    },
    "stackSize": 64,
    "enchantability": 0,
    "useDuration": 0,
    "toolType": 1.0,
    "damageCount": 0,
    "destroyAnyBlock": false,
    "stayInGridWhenCrafting": false,
    "enableMeleeDamage": false,
    "damageVsEntity": 0.0,
    "specialInfo": [
      "This is a conveyor belt out of Tungsten. It is useful for slowly but surely transferring items between different parts of the machine, an example use would be an ore processor.",
      "Component"
    ],
    "hasGlow": false
  }
}