{
  "_fv": 6,
  "_type": "recipe",
  "definition": {
    "recipeType": "Crafting",
    "xpReward": 0.0,
    "recipeRetstackSize": 1,
    "group": "",
    "recipeShapeless": false,
    "recipeSlots": [
      {
        "value": "CUSTOM:RodSteel"
      },
      {
        "value": "CUSTOM:PlateTungsten"
      },
      {
        "value": "Items.DYE#14"
      },
      {
        "value": "CUSTOM:PlateTungsten"
      },
      {
        "value": "Items.DYE#14"
      },
      {
        "value": "CUSTOM:PlateTungsten"
      },
      {
        "value": "Items.DYE#14"
      },
      {
        "value": "CUSTOM:PlateTungsten"
      },
      {
        "value": "CUSTOM:RodSteel"
      }
    ],
    "recipeReturnStack": {
      "value": "CUSTOM:ConveyorBelt"
    },
    "name": "conveyorbeltrecipe",
    "namespace": "mod"
  }
}