{
  "_fv": 6,
  "_type": "item",
  "definition": {
    "renderType": 0,
    "texture": "food_tool_pan",
    "customModelName": "Normal",
    "name": "Cooking Pan",
    "creativeTab": {
      "value": "CUSTOM:TechMod"
    },
    "stackSize": 1,
    "enchantability": 0,
    "useDuration": 0,
    "toolType": 1.0,
    "damageCount": 0,
    "destroyAnyBlock": false,
    "stayInGridWhenCrafting": true,
    "enableMeleeDamage": false,
    "damageVsEntity": 0.0,
    "specialInfo": [
      "A cooking pan made out of wrought iron. Use it for cooking purposes, because no, you cant fight mobs with it."
    ],
    "hasGlow": false
  }
}