{
  "_fv": 6,
  "_type": "recipe",
  "definition": {
    "recipeType": "Crafting",
    "xpReward": 0.0,
    "recipeRetstackSize": 4,
    "group": "",
    "recipeShapeless": false,
    "recipeSlots": [
      {
        "value": ""
      },
      {
        "value": "Blocks.GLASS_PANE"
      },
      {
        "value": ""
      },
      {
        "value": "CUSTOM:GoldCoil"
      },
      {
        "value": "CUSTOM:BoltSilicon"
      },
      {
        "value": "CUSTOM:GoldCoil"
      },
      {
        "value": ""
      },
      {
        "value": "Blocks.GLASS_PANE"
      },
      {
        "value": ""
      }
    ],
    "recipeReturnStack": {
      "value": "CUSTOM:ItemSiliconDiode"
    },
    "name": "diodesilicon",
    "namespace": "mod"
  }
}