{
  "_fv": 6,
  "_type": "recipe",
  "definition": {
    "recipeType": "Crafting",
    "xpReward": 0.0,
    "recipeRetstackSize": 1,
    "group": "",
    "recipeShapeless": false,
    "recipeSlots": [
      {
        "value": "CUSTOM:PlateSteel"
      },
      {
        "value": "CUSTOM:SteelMachineCasing"
      },
      {
        "value": "CUSTOM:PlateSteel"
      },
      {
        "value": "CUSTOM:PipeCopper"
      },
      {
        "value": "CUSTOM:SteelFluidContainer"
      },
      {
        "value": "CUSTOM:PipeCopper"
      },
      {
        "value": "CUSTOM:PlateSteel"
      },
      {
        "value": "CUSTOM:SteelBoilerHP"
      },
      {
        "value": "CUSTOM:PlateSteel"
      }
    ],
    "recipeReturnStack": {
      "value": "CUSTOM:Distillery"
    },
    "name": "distillerysteelcasingcopperpipe",
    "namespace": "mod"
  }
}