{
  "_fv": 6,
  "_type": "item",
  "definition": {
    "renderType": 0,
    "texture": "dust_alumina",
    "customModelName": "Normal",
    "name": "Alumina Dust",
    "creativeTab": {
      "value": "CUSTOM:TechMod"
    },
    "stackSize": 64,
    "enchantability": 0,
    "useDuration": 0,
    "toolType": 1.0,
    "damageCount": 0,
    "destroyAnyBlock": false,
    "stayInGridWhenCrafting": false,
    "enableMeleeDamage": false,
    "damageVsEntity": 0.0,
    "specialInfo": [
      "PLEASE NOTE: This isnt Aluminium, this is Alumina or Aluminium Oxide, two different things."
    ],
    "hasGlow": false,
    "onCrafted": {
      "name": "DustAluminaItemIsCraftedsmelted"
    }
  }
}