{
  "_fv": 6,
  "_type": "item",
  "definition": {
    "renderType": 0,
    "texture": "dust_gold",
    "customModelName": "Normal",
    "name": "Gold Dust",
    "creativeTab": {
      "value": "CUSTOM:TechMod"
    },
    "stackSize": 64,
    "enchantability": 0,
    "useDuration": 0,
    "toolType": 1.0,
    "damageCount": 0,
    "destroyAnyBlock": false,
    "stayInGridWhenCrafting": false,
    "enableMeleeDamage": false,
    "damageVsEntity": 0.0,
    "specialInfo": [
      "Have you always hated that there isnt a way to get more gold ingots per ore? Well, I finally didnt forget to do it, thus NOW we have... Gold Dust! Multiply your gold ore with MACERATORS and METAL FURNACES!"
    ],
    "hasGlow": false
  }
}