{
  "_fv": 6,
  "_type": "item",
  "definition": {
    "renderType": 0,
    "texture": "dust_mica",
    "customModelName": "Normal",
    "name": "Mica Dust",
    "creativeTab": {
      "value": "CUSTOM:TechMod"
    },
    "stackSize": 64,
    "enchantability": 0,
    "useDuration": 0,
    "toolType": 1.0,
    "damageCount": 0,
    "destroyAnyBlock": false,
    "stayInGridWhenCrafting": false,
    "enableMeleeDamage": false,
    "damageVsEntity": 0.0,
    "specialInfo": [
      "Some mica dust. Obtained from electrolyzing Lepidolite. Has high energy capacity, thus is useful for more high-power capacitors."
    ],
    "hasGlow": false
  }
}