{
  "_fv": 6,
  "_type": "tool",
  "definition": {
    "renderType": 0,
    "texture": "silicon_sword",
    "customModelName": "Normal",
    "name": "Silicon Sword",
    "creativeTab": {
      "value": "COMBAT"
    },
    "toolType": "Sword",
    "harvestLevel": 1,
    "efficiency": 50.0,
    "attackSpeed": 100.0,
    "enchantability": 1000,
    "damageVsEntity": 99999.0,
    "usageCount": 99999,
    "blocksAffected": [],
    "hasGlow": true,
    "repairItems": [
      {
        "value": "CUSTOM:IngotSilicon"
      }
    ]
  }
}