{
  "_fv": 6,
  "_type": "recipe",
  "definition": {
    "recipeType": "Crafting",
    "xpReward": 0.0,
    "recipeRetstackSize": 1,
    "group": "",
    "recipeShapeless": false,
    "recipeSlots": [
      {
        "value": "CUSTOM:PlateInvar"
      },
      {
        "value": "CUSTOM:ElectrumCoil"
      },
      {
        "value": "CUSTOM:PlateInvar"
      },
      {
        "value": "CUSTOM:PlateInvar"
      },
      {
        "value": "CUSTOM:ElectrumCoil"
      },
      {
        "value": "CUSTOM:PlateInvar"
      },
      {
        "value": "CUSTOM:HydrogenGenerator"
      },
      {
        "value": "CUSTOM:CircuitBoardAdvanced"
      },
      {
        "value": "CUSTOM:HydrogenGenerator"
      }
    ],
    "recipeReturnStack": {
      "value": "CUSTOM:BlastFurnaceElectric"
    },
    "name": "ebf",
    "namespace": "mod"
  }
}