{
  "_fv": 6,
  "_type": "recipe",
  "definition": {
    "recipeType": "Crafting",
    "xpReward": 0.0,
    "recipeRetstackSize": 5,
    "group": "",
    "recipeShapeless": true,
    "recipeSlots": [
      {
        "value": "CUSTOM:Distillery"
      },
      {
        "value": "Blocks.LEAVES"
      },
      {
        "value": "Blocks.LEAVES"
      },
      {
        "value": "CUSTOM:EmptyCell"
      },
      {
        "value": "CUSTOM:LPSteamMacerator"
      },
      {
        "value": "Blocks.LEAVES"
      },
      {
        "value": ""
      },
      {
        "value": ""
      },
      {
        "value": ""
      }
    ],
    "recipeReturnStack": {
      "value": "CUSTOM:EthanolCell"
    },
    "name": "ethanolfromleaves",
    "namespace": "mod"
  }
}