{
  "_fv": 6,
  "_type": "recipe",
  "definition": {
    "recipeType": "Crafting",
    "xpReward": 0.0,
    "recipeRetstackSize": 1,
    "group": "",
    "recipeShapeless": false,
    "recipeSlots": [
      {
        "value": "CUSTOM:PlateSteel"
      },
      {
        "value": "CUSTOM:PipeCopper"
      },
      {
        "value": "CUSTOM:PlateSteel"
      },
      {
        "value": "CUSTOM:PlateSteel"
      },
      {
        "value": "Blocks.GLASS_PANE"
      },
      {
        "value": "CUSTOM:PlateSteel"
      },
      {
        "value": "CUSTOM:PlateSteel"
      },
      {
        "value": "CUSTOM:PipeCopper"
      },
      {
        "value": "CUSTOM:PlateSteel"
      }
    ],
    "recipeReturnStack": {
      "value": "CUSTOM:SteelFluidContainer"
    },
    "name": "fluidcontainersteel",
    "namespace": "mod"
  }
}