{
  "_fv": 6,
  "_type": "item",
  "definition": {
    "renderType": 0,
    "texture": "cell_fuel",
    "customModelName": "Normal",
    "name": "Fuel Cell",
    "creativeTab": {
      "value": "CUSTOM:TechMod"
    },
    "stackSize": 64,
    "enchantability": 0,
    "useDuration": 0,
    "toolType": 1.0,
    "damageCount": 0,
    "destroyAnyBlock": false,
    "stayInGridWhenCrafting": false,
    "enableMeleeDamage": false,
    "damageVsEntity": 0.0,
    "specialInfo": [
      "A cell of fuel. A mix of Diesel, Kerosene and Benzene. You know, Oil is weird, it has a LOT of products and byproducts."
    ],
    "hasGlow": false
  }
}