{
  "_fv": 6,
  "_type": "recipe",
  "definition": {
    "recipeType": "Crafting",
    "xpReward": 0.0,
    "recipeRetstackSize": 1,
    "group": "",
    "recipeShapeless": false,
    "recipeSlots": [
      {
        "value": "CUSTOM:CopperCoil"
      },
      {
        "value": "CUSTOM:PlateSteel"
      },
      {
        "value": "CUSTOM:CopperCoil"
      },
      {
        "value": "Blocks.PISTON"
      },
      {
        "value": "CUSTOM:PlateSteel"
      },
      {
        "value": "Blocks.PISTON"
      },
      {
        "value": "CUSTOM:DoubleHydrogenCell"
      },
      {
        "value": "CUSTOM:PlateSteel"
      },
      {
        "value": "CUSTOM:DoubleHydrogenCell"
      }
    ],
    "recipeReturnStack": {
      "value": "CUSTOM:HydrogenGenerator"
    },
    "name": "generatorhydrogen",
    "namespace": "mod"
  }
}