{
  "_fv": 6,
  "_type": "item",
  "definition": {
    "renderType": 0,
    "texture": "coil_gold",
    "customModelName": "Normal",
    "name": "Gold Coil",
    "creativeTab": {
      "value": "CUSTOM:TechMod"
    },
    "stackSize": 64,
    "enchantability": 0,
    "useDuration": 0,
    "toolType": 1.0,
    "damageCount": 0,
    "destroyAnyBlock": false,
    "stayInGridWhenCrafting": false,
    "enableMeleeDamage": false,
    "damageVsEntity": 0.0,
    "specialInfo": [
      "It is similiar to a copper coil, but it can handle a far bigger voltage. Most machines that use gold coils have the \"High Voltage!\" warning on them."
    ],
    "hasGlow": false
  }
}