{
  "_fv": 6,
  "_type": "recipe",
  "definition": {
    "recipeType": "Crafting",
    "xpReward": 0.0,
    "recipeRetstackSize": 1,
    "group": "",
    "recipeShapeless": false,
    "recipeSlots": [
      {
        "value": "CUSTOM:PlateSteel"
      },
      {
        "value": "CUSTOM:PlateCopperDense"
      },
      {
        "value": "CUSTOM:PlateSteel"
      },
      {
        "value": "CUSTOM:PipeCopper"
      },
      {
        "value": "CUSTOM:CoalCoke"
      },
      {
        "value": "CUSTOM:PipeCopper"
      },
      {
        "value": "CUSTOM:PlateSteel"
      },
      {
        "value": "Items.FLINT_AND_STEEL"
      },
      {
        "value": "CUSTOM:PlateSteel"
      }
    ],
    "recipeReturnStack": {
      "value": "CUSTOM:SteelBoilerHP"
    },
    "name": "hpsteelboiler",
    "namespace": "mod"
  }
}