{
  "_fv": 6,
  "_type": "item",
  "definition": {
    "renderType": 0,
    "texture": "cell_hydrogen",
    "customModelName": "Normal",
    "name": "Hydrogen Cell",
    "creativeTab": {
      "value": "CUSTOM:TechMod"
    },
    "stackSize": 64,
    "enchantability": 0,
    "useDuration": 0,
    "toolType": 1.0,
    "damageCount": 0,
    "destroyAnyBlock": false,
    "stayInGridWhenCrafting": false,
    "enableMeleeDamage": false,
    "damageVsEntity": 0.0,
    "specialInfo": [
      "A cell full of Hydrogen Gas. Can be used for Hydrogen Generators."
    ],
    "hasGlow": false,
    "onCrafted": {
      "name": "HydrogenCellItemIsCrafted"
    }
  }
}