{
  "_fv": 6,
  "_type": "tool",
  "definition": {
    "renderType": 0,
    "texture": "ingottungstensteel1_hoe",
    "customModelName": "Normal",
    "name": "IngotTungstensteel1 Hoe",
    "creativeTab": {
      "value": "TOOLS"
    },
    "toolType": "Hoe",
    "harvestLevel": 3,
    "efficiency": 12.0,
    "attackSpeed": 1.0,
    "enchantability": 70,
    "damageVsEntity": 2.0,
    "usageCount": 5680,
    "blocksAffected": [],
    "hasGlow": false,
    "repairItems": [
      {
        "value": "CUSTOM:IngotTungstensteel"
      }
    ]
  }
}