{
  "_fv": 6,
  "_type": "item",
  "definition": {
    "renderType": 0,
    "texture": "tool_insulator_mold",
    "customModelName": "Normal",
    "name": "Insulator Mold",
    "creativeTab": {
      "value": "CUSTOM:TechMod"
    },
    "stackSize": 1,
    "enchantability": 0,
    "useDuration": 0,
    "toolType": 1.0,
    "damageCount": 0,
    "destroyAnyBlock": false,
    "stayInGridWhenCrafting": true,
    "enableMeleeDamage": false,
    "damageVsEntity": 0.0,
    "specialInfo": [
      "A mold for making insulators. Also used for forming microchips and circuit boards.",
      "Not consumed in crafts"
    ],
    "hasGlow": false
  }
}