{
  "_fv": 6,
  "_type": "item",
  "definition": {
    "renderType": 0,
    "texture": "component_ptfe_board",
    "customModelName": "Normal",
    "name": "PTFE Circuit Board (Unwired)",
    "creativeTab": {
      "value": "CUSTOM:TechMod"
    },
    "stackSize": 64,
    "enchantability": 0,
    "useDuration": 0,
    "toolType": 1.0,
    "damageCount": 0,
    "destroyAnyBlock": false,
    "stayInGridWhenCrafting": false,
    "enableMeleeDamage": false,
    "damageVsEntity": 0.0,
    "specialInfo": [
      "A Polytetrafluoroethylene (known as Teflon) unwired circuit board. Better than the wooden board."
    ],
    "hasGlow": false
  }
}