{
  "_fv": 6,
  "_type": "item",
  "definition": {
    "renderType": 0,
    "texture": "cell_kerosene",
    "customModelName": "Normal",
    "name": "Kerosene Cell",
    "creativeTab": {
      "value": "CUSTOM:TechMod"
    },
    "stackSize": 64,
    "enchantability": 0,
    "useDuration": 0,
    "toolType": 1.0,
    "damageCount": 0,
    "destroyAnyBlock": false,
    "stayInGridWhenCrafting": false,
    "enableMeleeDamage": false,
    "damageVsEntity": 0.0,
    "specialInfo": [
      "A cell full of kerosene. This chemical is well-known to be used in airplanes.",
      "Comes from refining fuel."
    ],
    "hasGlow": false
  }
}