{
  "_fv": 6,
  "_type": "recipe",
  "definition": {
    "recipeType": "Crafting",
    "xpReward": 0.0,
    "recipeRetstackSize": 8,
    "group": "",
    "recipeShapeless": false,
    "recipeSlots": [
      {
        "value": ""
      },
      {
        "value": "Items.PAPER"
      },
      {
        "value": ""
      },
      {
        "value": "Items.PAPER"
      },
      {
        "value": "CUSTOM:GoldCoil"
      },
      {
        "value": "Items.PAPER"
      },
      {
        "value": "CUSTOM:CopperCoil"
      },
      {
        "value": "Items.PAPER"
      },
      {
        "value": "CUSTOM:CopperCoil"
      }
    ],
    "recipeReturnStack": {
      "value": "CUSTOM:Resistor1kOhm"
    },
    "name": "kiloohm1resistor",
    "namespace": "mod"
  }
}