{
  "_fv": 6,
  "_type": "recipe",
  "definition": {
    "recipeType": "Crafting",
    "xpReward": 0.0,
    "recipeRetstackSize": 2,
    "group": "",
    "recipeShapeless": false,
    "recipeSlots": [
      {
        "value": "CUSTOM:ElectrolyzerLV"
      },
      {
        "value": "CUSTOM:DustLepidolite"
      },
      {
        "value": "CUSTOM:DustLepidolite"
      },
      {
        "value": "CUSTOM:DustLepidolite"
      },
      {
        "value": "CUSTOM:EmptyCell"
      },
      {
        "value": "CUSTOM:EmptyCell"
      },
      {
        "value": ""
      },
      {
        "value": ""
      },
      {
        "value": ""
      }
    ],
    "recipeReturnStack": {
      "value": "CUSTOM:FluorineCell"
    },
    "name": "lepidolitedusttofluorineelectrolyzerlv",
    "namespace": "mod"
  }
}