{
  "_fv": 6,
  "_type": "item",
  "definition": {
    "renderType": 0,
    "texture": "ingot_steel_lightforge",
    "customModelName": "Normal",
    "name": "Lightly Forged Steel Ingot",
    "creativeTab": {
      "value": "CUSTOM:TechMod"
    },
    "stackSize": 64,
    "enchantability": 0,
    "useDuration": 0,
    "toolType": 1.0,
    "damageCount": 0,
    "destroyAnyBlock": false,
    "stayInGridWhenCrafting": false,
    "enableMeleeDamage": false,
    "damageVsEntity": 0.0,
    "specialInfo": [
      "Lightly forged, not as hot anymore. Maybe a smack with a hammer will do the job to fully cool it down."
    ],
    "hasGlow": true
  }
}