{
  "_fv": 6,
  "_type": "item",
  "definition": {
    "renderType": 0,
    "texture": "steam_boiler",
    "customModelName": "Normal",
    "name": "Low Pressure Steam Boiler",
    "creativeTab": {
      "value": "CUSTOM:TechMod"
    },
    "stackSize": 1,
    "enchantability": 0,
    "useDuration": 0,
    "toolType": 1.0,
    "damageCount": 0,
    "destroyAnyBlock": false,
    "stayInGridWhenCrafting": false,
    "enableMeleeDamage": false,
    "damageVsEntity": 0.0,
    "specialInfo": [
      "A low-pressure steam boiler, needed to make your steam machines run. Included in the machine recipe for convenience."
    ],
    "hasGlow": false
  }
}