{
  "_fv": 6,
  "_type": "item",
  "definition": {
    "renderType": 0,
    "texture": "steam_metal_furnace",
    "customModelName": "Normal",
    "name": "Low Pressure Steam Metal Furnace",
    "creativeTab": {
      "value": "CUSTOM:TechMod"
    },
    "stackSize": 1,
    "enchantability": 0,
    "useDuration": 0,
    "toolType": 1.0,
    "damageCount": 0,
    "destroyAnyBlock": false,
    "stayInGridWhenCrafting": true,
    "enableMeleeDamage": false,
    "damageVsEntity": 0.0,
    "specialInfo": [
      "This is a steam furnace, but the issue is, it can only smelt metal. Still, its very nice!"
    ],
    "hasGlow": false
  }
}