{
  "_fv": 6,
  "_type": "recipe",
  "definition": {
    "recipeType": "Crafting",
    "xpReward": 0.0,
    "recipeRetstackSize": 1,
    "group": "",
    "recipeShapeless": false,
    "recipeSlots": [
      {
        "value": "CUSTOM:ScrewAluminium"
      },
      {
        "value": "CUSTOM:PlateAluminium"
      },
      {
        "value": "CUSTOM:ScrewAluminium"
      },
      {
        "value": "CUSTOM:PlateAluminium"
      },
      {
        "value": "CUSTOM:ToolWrench"
      },
      {
        "value": "CUSTOM:PlateAluminium"
      },
      {
        "value": "CUSTOM:ScrewAluminium"
      },
      {
        "value": "CUSTOM:PlateAluminium"
      },
      {
        "value": "CUSTOM:ScrewAluminium"
      }
    ],
    "recipeReturnStack": {
      "value": "CUSTOM:AluminiumMachineCasing"
    },
    "name": "machinecasingaluminium",
    "namespace": "mod"
  }
}