{
  "_fv": 6,
  "_type": "recipe",
  "definition": {
    "recipeType": "Crafting",
    "xpReward": 0.0,
    "recipeRetstackSize": 4,
    "group": "",
    "recipeShapeless": false,
    "recipeSlots": [
      {
        "value": "CUSTOM:BasicInsulator"
      },
      {
        "value": "CUSTOM:DustMica"
      },
      {
        "value": "CUSTOM:BasicInsulator"
      },
      {
        "value": "CUSTOM:BasicInsulator"
      },
      {
        "value": "CUSTOM:DustMica"
      },
      {
        "value": "CUSTOM:BasicInsulator"
      },
      {
        "value": "CUSTOM:GoldCoil"
      },
      {
        "value": ""
      },
      {
        "value": "CUSTOM:GoldCoil"
      }
    ],
    "recipeReturnStack": {
      "value": "CUSTOM:Capacitor10MegaFarad"
    },
    "name": "micacapacitor",
    "namespace": "mod"
  }
}