{
  "_fv": 6,
  "_type": "recipe",
  "definition": {
    "recipeType": "Crafting",
    "xpReward": 0.0,
    "recipeRetstackSize": 4,
    "group": "",
    "recipeShapeless": false,
    "recipeSlots": [
      {
        "value": "CUSTOM:PlateAluminium"
      },
      {
        "value": "CUSTOM:PlateAluminium"
      },
      {
        "value": "CUSTOM:PlateAluminium"
      },
      {
        "value": "CUSTOM:PlateAluminium"
      },
      {
        "value": "CUSTOM:AluminiumCoil"
      },
      {
        "value": "CUSTOM:PlateAluminium"
      },
      {
        "value": "CUSTOM:CopperCoil"
      },
      {
        "value": ""
      },
      {
        "value": "CUSTOM:CopperCoil"
      }
    ],
    "recipeReturnStack": {
      "value": "CUSTOM:Capacitor1000MicroFarat"
    },
    "name": "microfarad1kcapacitor",
    "namespace": "mod"
  }
}