{
  "_fv": 6,
  "_type": "item",
  "definition": {
    "renderType": 0,
    "texture": "cell_nitrogen",
    "customModelName": "Normal",
    "name": "Nitrogen Cell",
    "creativeTab": {
      "value": "CUSTOM:TechMod"
    },
    "stackSize": 64,
    "enchantability": 0,
    "useDuration": 0,
    "toolType": 1.0,
    "damageCount": 0,
    "destroyAnyBlock": false,
    "stayInGridWhenCrafting": false,
    "enableMeleeDamage": false,
    "damageVsEntity": 0.0,
    "specialInfo": [
      "A cell of gaseous nitrogen. Contained in many organic compounds and is useful for things like Nitric Acid."
    ],
    "hasGlow": false,
    "onCrafted": {
      "name": "NitrogenCellItemIsCrafted"
    }
  }
}