{
  "_fv": 6,
  "_type": "recipe",
  "definition": {
    "recipeType": "Crafting",
    "xpReward": 0.0,
    "recipeRetstackSize": 5,
    "group": "",
    "recipeShapeless": true,
    "recipeSlots": [
      {
        "value": "CUSTOM:BasicChemicalReactor"
      },
      {
        "value": "CUSTOM:HydrogenCell"
      },
      {
        "value": "CUSTOM:NitrogenCell"
      },
      {
        "value": "CUSTOM:OxygenCell"
      },
      {
        "value": "CUSTOM:OxygenCell"
      },
      {
        "value": "CUSTOM:OxygenCell"
      },
      {
        "value": ""
      },
      {
        "value": ""
      },
      {
        "value": ""
      }
    ],
    "recipeReturnStack": {
      "value": "CUSTOM:NitricAcidCell"
    },
    "name": "nitricacidsynthesischemreactorbasic",
    "namespace": "mod"
  }
}