{
  "_fv": 6,
  "_type": "item",
  "definition": {
    "renderType": 0,
    "texture": "oil_boiler",
    "customModelName": "Normal",
    "name": "Oil Boiler",
    "creativeTab": {
      "value": "CUSTOM:TechMod"
    },
    "stackSize": 1,
    "enchantability": 0,
    "useDuration": 0,
    "toolType": 1.0,
    "damageCount": 0,
    "destroyAnyBlock": false,
    "stayInGridWhenCrafting": true,
    "enableMeleeDamage": false,
    "damageVsEntity": 0.0,
    "specialInfo": [
      "An oil boiler. Basically a steel boiler except specifically configured for heating up oil."
    ],
    "hasGlow": false
  }
}