{
  "_fv": 6,
  "_type": "block",
  "definition": {
    "texture": "oil_refinery_side_etc",
    "textureTop": "oil_refinery_left",
    "textureLeft": "oil_refinery_left",
    "textureFront": "oil_refinery_front",
    "textureRight": "oil_refinery_left",
    "textureBack": "oil_refinery_left",
    "renderType": 10,
    "customModelName": "Normal",
    "rotationMode": 1,
    "hasTransparency": false,
    "transparencyType": "SOLID",
    "mx": 0.0,
    "my": 0.0,
    "mz": 0.0,
    "Mx": 1.0,
    "My": 1.0,
    "Mz": 1.0,
    "faceShape": "SOLID",
    "name": "Oil Refinery",
    "specialInfo": [
      "An oil refinery."
    ],
    "hardness": 1.0,
    "resistance": 100.0,
    "hasGravity": false,
    "creativeTab": {
      "value": "CUSTOM:TechMod"
    },
    "destroyTool": "pickaxe",
    "affectedBySilkTouch": true,
    "customDrop": {
      "value": ""
    },
    "dropAmount": 1,
    "isBeaconBase": false,
    "enchantPowerBonus": 0.0,
    "plantsGrowOn": false,
    "canProvidePower": false,
    "lightOpacity": 255,
    "material": {
      "value": "IRON"
    },
    "tickRate": 5,
    "tickRandomly": true,
    "isReplaceable": false,
    "colorOnMap": "DEFAULT",
    "creativePickItem": {
      "value": ""
    },
    "flammability": 0,
    "fireSpreadSpeed": 0,
    "isLadder": false,
    "slipperiness": 0.6,
    "reactionToPushing": "NORMAL",
    "isNotColidable": false,
    "soundOnStep": {
      "value": "METAL"
    },
    "luminance": 0.0,
    "unbreakable": false,
    "breakHarvestLevel": 2,
    "spawnParticles": false,
    "particleToSpawn": {
      "value": "EXPLOSION_NORMAL"
    },
    "particleSpawningShape": "Spread",
    "particleSpawningRadious": 0.5,
    "particleAmount": 4,
    "particleSpawningCondition": "ALWAYS",
    "hasInventory": true,
    "guiBoundTo": "RefineryGUI",
    "openGUIOnRightClick": true,
    "inventorySize": 7,
    "inventoryStackSize": 64,
    "inventoryDropWhenDestroyed": true,
    "inventoryComparatorPower": false,
    "inventoryOutSlotIDs": [
      1,
      2,
      3,
      4
    ],
    "onRightClicked": {
      "name": "RefineryOil"
    },
    "onRandomUpdateEvent": {
      "name": "RefineryOil"
    },
    "onStartToDestroy": {
      "name": "RefineryOil"
    },
    "onEntityCollides": {
      "name": "RefineryOil"
    },
    "onEntityWalksOn": {
      "name": "RefineryOil"
    },
    "onBlockPlayedBy": {
      "name": "RefineryOil"
    },
    "spawnWorldTypes": [],
    "restrictionBiomes": [],
    "blocksToReplace": [],
    "frequencyPerChunks": 10,
    "frequencyOnChunk": 16,
    "minGenerateHeight": 0,
    "maxGenerateHeight": 64
  }
}