{
  "_fv": 6,
  "_type": "recipe",
  "definition": {
    "recipeType": "Crafting",
    "xpReward": 0.0,
    "recipeRetstackSize": 2,
    "group": "",
    "recipeShapeless": false,
    "recipeSlots": [
      {
        "value": "CUSTOM:LPSteamForgeHammer"
      },
      {
        "value": "CUSTOM:WroughtIronIngot"
      },
      {
        "value": ""
      },
      {
        "value": "CUSTOM:WroughtIronIngot"
      },
      {
        "value": "CUSTOM:WroughtIronIngot"
      },
      {
        "value": ""
      },
      {
        "value": ""
      },
      {
        "value": ""
      },
      {
        "value": ""
      }
    ],
    "recipeReturnStack": {
      "value": "CUSTOM:WroughtIronPlate"
    },
    "name": "platewroughtironforgehammer",
    "namespace": "mod"
  }
}