{
  "_fv": 6,
  "_type": "recipe",
  "definition": {
    "recipeType": "Crafting",
    "xpReward": 0.0,
    "recipeRetstackSize": 1,
    "group": "",
    "recipeShapeless": false,
    "recipeSlots": [
      {
        "value": "CUSTOM:BasicChemicalReactor"
      },
      {
        "value": "CUSTOM:ChlorineCell"
      },
      {
        "value": "CUSTOM:EthyleneCell"
      },
      {
        "value": "CUSTOM:OxygenCell"
      },
      {
        "value": ""
      },
      {
        "value": ""
      },
      {
        "value": ""
      },
      {
        "value": ""
      },
      {
        "value": ""
      }
    ],
    "recipeReturnStack": {
      "value": "CUSTOM:BarPVC"
    },
    "name": "pvcchemreactorbasic",
    "namespace": "mod"
  }
}