{
  "_fv": 6,
  "_type": "recipe",
  "definition": {
    "recipeType": "Crafting",
    "xpReward": 0.0,
    "recipeRetstackSize": 1,
    "group": "",
    "recipeShapeless": true,
    "recipeSlots": [
      {
        "value": "CUSTOM:ElectrolyzerLV"
      },
      {
        "value": "Blocks.WOOL"
      },
      {
        "value": "CUSTOM:EmptyCell"
      },
      {
        "value": "CUSTOM:EmptyCell"
      },
      {
        "value": "CUSTOM:EmptyCell"
      },
      {
        "value": "CUSTOM:EmptyCell"
      },
      {
        "value": "CUSTOM:EmptyCell"
      },
      {
        "value": "CUSTOM:EmptyCell"
      },
      {
        "value": "CUSTOM:EmptyCell"
      }
    ],
    "recipeReturnStack": {
      "value": "CUSTOM:NitrogenCell"
    },
    "name": "silkelectrolysisbasic",
    "namespace": "mod"
  }
}