{
  "_fv": 6,
  "_type": "recipe",
  "definition": {
    "recipeType": "Crafting",
    "xpReward": 0.0,
    "recipeRetstackSize": 1,
    "group": "",
    "recipeShapeless": true,
    "recipeSlots": [
      {
        "value": "CUSTOM:OreProcessorAdvanced"
      },
      {
        "value": "Items.BOOK"
      },
      {
        "value": "Items.STRING"
      },
      {
        "value": "Items.STRING"
      },
      {
        "value": "Items.STRING"
      },
      {
        "value": "Items.STRING"
      },
      {
        "value": ""
      },
      {
        "value": ""
      },
      {
        "value": ""
      }
    ],
    "recipeReturnStack": {
      "value": "Items.ENCHANTED_BOOK"
    },
    "name": "silktouchbook",
    "namespace": "mod"
  }
}