{
  "_fv": 6,
  "_type": "recipe",
  "definition": {
    "recipeType": "Crafting",
    "xpReward": 0.0,
    "recipeRetstackSize": 1,
    "group": "",
    "recipeShapeless": false,
    "recipeSlots": [
      {
        "value": "CUSTOM:PlateBronze"
      },
      {
        "value": "CUSTOM:BronzeMachineCasing"
      },
      {
        "value": "CUSTOM:PlateBronze"
      },
      {
        "value": "CUSTOM:WroughtIronPlate"
      },
      {
        "value": "Blocks.ANVIL#0"
      },
      {
        "value": "CUSTOM:WroughtIronPlate"
      },
      {
        "value": "CUSTOM:PlateBronze"
      },
      {
        "value": "CUSTOM:LPSteamBoiler"
      },
      {
        "value": "CUSTOM:PlateBronze"
      }
    ],
    "recipeReturnStack": {
      "value": "CUSTOM:LPSteamForgeHammer"
    },
    "name": "steamforgehammerlp",
    "namespace": "mod"
  }
}