{
  "_fv": 6,
  "_type": "recipe",
  "definition": {
    "recipeType": "Crafting",
    "xpReward": 0.0,
    "recipeRetstackSize": 1,
    "group": "",
    "recipeShapeless": false,
    "recipeSlots": [
      {
        "value": "CUSTOM:WroughtIronPlate"
      },
      {
        "value": "CUSTOM:BronzeMachineCasing"
      },
      {
        "value": "CUSTOM:WroughtIronPlate"
      },
      {
        "value": "CUSTOM:WroughtIronPlate"
      },
      {
        "value": "Blocks.FURNACE"
      },
      {
        "value": "CUSTOM:WroughtIronPlate"
      },
      {
        "value": "CUSTOM:WroughtIronPlate"
      },
      {
        "value": "CUSTOM:LPSteamBoiler"
      },
      {
        "value": "CUSTOM:WroughtIronPlate"
      }
    ],
    "recipeReturnStack": {
      "value": "CUSTOM:LPSteamMetalFurnace"
    },
    "name": "steammetalfurnacelp",
    "namespace": "mod"
  }
}