{
  "_fv": 6,
  "_type": "recipe",
  "definition": {
    "recipeType": "Crafting",
    "xpReward": 0.0,
    "recipeRetstackSize": 2,
    "group": "",
    "recipeShapeless": false,
    "recipeSlots": [
      {
        "value": "CUSTOM:ElectrolyzerLV"
      },
      {
        "value": "Items.STRING"
      },
      {
        "value": ""
      },
      {
        "value": "CUSTOM:EmptyCell"
      },
      {
        "value": "Items.STRING"
      },
      {
        "value": "CUSTOM:IntegratedCircuit"
      },
      {
        "value": ""
      },
      {
        "value": ""
      },
      {
        "value": ""
      }
    ],
    "recipeReturnStack": {
      "value": "CUSTOM:OxygenCell"
    },
    "name": "stringtooxygenelectrolyzerbasic",
    "namespace": "mod"
  }
}