{
  "_fv": 6,
  "_type": "item",
  "definition": {
    "renderType": 0,
    "texture": "tool_mortar",
    "customModelName": "Normal",
    "name": "Pestle and Mortar",
    "creativeTab": {
      "value": "CUSTOM:TechMod"
    },
    "stackSize": 1,
    "enchantability": 0,
    "useDuration": 0,
    "toolType": 1.0,
    "damageCount": 64,
    "destroyAnyBlock": false,
    "stayInGridWhenCrafting": true,
    "enableMeleeDamage": false,
    "damageVsEntity": 0.0,
    "specialInfo": [
      "A pestle and mortar. Seems to be powerfull enough to grind down soft metals like Copper and Tin."
    ],
    "hasGlow": false
  }
}