{
  "_fv": 6,
  "_type": "item",
  "definition": {
    "renderType": 0,
    "texture": "tool_wrench",
    "customModelName": "Normal",
    "name": "Wrench",
    "creativeTab": {
      "value": "CUSTOM:TechMod"
    },
    "stackSize": 1,
    "enchantability": 0,
    "useDuration": 0,
    "toolType": 1.0,
    "damageCount": 0,
    "destroyAnyBlock": false,
    "stayInGridWhenCrafting": true,
    "enableMeleeDamage": false,
    "damageVsEntity": 0.0,
    "specialInfo": [
      "A tool that is needed to assemble many components of machines, including machine casings."
    ],
    "hasGlow": false
  }
}