{
  "_fv": 6,
  "_type": "armor",
  "definition": {
    "enableHelmet": true,
    "textureHelmet": "tungstensteel_head",
    "enableBody": true,
    "textureBody": "tungstensteel_body",
    "enableLeggings": true,
    "textureLeggings": "tungstensteel_leggings",
    "enableBoots": true,
    "textureBoots": "tungstensteel_boots",
    "creativeTab": {
      "value": "COMBAT"
    },
    "armorTextureFile": "tungstensteel",
    "helmetName": "Tungstensteel Helmet",
    "bodyName": "Tungstensteel Chestplate",
    "leggingsName": "Tungstensteel Leggings",
    "bootsName": "Tungstensteel Boots",
    "helmetModelName": "Default",
    "helmetModelPart": "Helmet",
    "helmetModelTexture": "From armor",
    "bodyModelName": "Default",
    "bodyModelPart": "Body",
    "bodyModelTexture": "From armor",
    "leggingsModelName": "Default",
    "leggingsModelPartL": "Leggings L",
    "leggingsModelPartR": "Leggings R",
    "leggingsModelTexture": "From armor",
    "bootsModelName": "Default",
    "bootsModelPartL": "Boots L",
    "bootsModelPartR": "Boots R",
    "bootsModelTexture": "From armor",
    "maxDamage": 15,
    "damageValueHelmet": 7,
    "damageValueBody": 10,
    "damageValueLeggings": 5,
    "damageValueBoots": 3,
    "enchantability": 45,
    "toughness": 5.0,
    "equipSound": {
      "value": "item.armor.equip_chain"
    },
    "repairItems": [
      {
        "value": "CUSTOM:IngotTungstensteel"
      }
    ]
  }
}