{
  "_fv": 6,
  "_type": "structure",
  "definition": {
    "structure": "veincopper",
    "randomlyRotateStructure": false,
    "surfaceDetectionType": "First motion blocking block",
    "spawnProbability": 0,
    "minCountPerChunk": 1,
    "maxCountPerChunk": 1,
    "spawnLocation": "Underground",
    "spawnHeightOffset": 0,
    "spawnWorldTypes": [
      "Surface"
    ],
    "restrictionBlocks": [
      {
        "value": "Blocks.STONE#0"
      },
      {
        "value": "Blocks.STONE#1"
      },
      {
        "value": "Blocks.STONE#3"
      },
      {
        "value": "Blocks.STONE#5"
      },
      {
        "value": "Blocks.FLOWING_LAVA"
      },
      {
        "value": "Blocks.LAVA"
      }
    ],
    "restrictionBiomes": []
  }
}